"Marca temporal","Acepto participar de forma anónima y que mis respuestas se usen en un trabajo académico","Edad (años)","¿Tienes formación o experiencia profesional en publicidad, diseño o marketing? ","Escribe el primer banco que te venga a la cabeza para cada color: Azul","Escribe el primer banco que te venga a la cabeza para cada color: Rojo","Escribe el primer banco que te venga a la cabeza para cada color: Naranja","Escribe el primer banco que te venga a la cabeza para cada color: Verde","Mira esta imagen unos 5 segundos y pulsa “Siguiente”. No vuelvas atrás.","¿A qué marca o empresa crees que pertenece el símbolo que acabas de ver?","¿Qué forma u objeto te ha parecido que representa?","¿De qué color era?","Ahora otra imagen. Mírala unos 5 segundos y pulsa “Siguiente”. No vuelvas atrás.","Escribe las tres primeras palabras que te transmite este logotipo.","Indica tu grado de acuerdo con las siguientes afirmaciones. [Parece el logotipo de una entidad financiera]","Indica tu grado de acuerdo con las siguientes afirmaciones. [Se entiende fácilmente]","Indica tu grado de acuerdo con las siguientes afirmaciones. [El nombre se lee con claridad]","Indica tu grado de acuerdo con las siguientes afirmaciones. [Llama la atención]","Indica tu grado de acuerdo con las siguientes afirmaciones. [Es fácil de recordar]","Indica tu grado de acuerdo con las siguientes afirmaciones. [Se distingue de otros bancos]","Indica tu grado de acuerdo con las siguientes afirmaciones. [Parece actual]","¿Qué te transmite este logotipo? Marca todas las que consideres. ","¿Cuál de estas cuatro es exactamente la llama que viste en la primera imagen?","¿Eres o has sido cliente de Banco Santander?"
"2026/10/08 9:22:42 p. m. EEST","Acepto","18-24","Sí","BBVA","SANTANDER","ING","CAJA RURAL","","SANTANDER","FUEGO","ROJO","","FUEGO, DIRECTO, TRADICIÓN","Algo de acuerdo","Muy de acuerdo","Muy de acuerdo","Algo de acuerdo","Muy de acuerdo","Muy de acuerdo","Muy de acuerdo","Solidez;Progreso tecnológico;Seriedad;Cercanía","2","No"
"2026/10/08 9:23:44 p. m. EEST","Acepto","18-24","No","Ingles ","Manzana","Naranja","Árbol ","","Sabtander","Una antorcha ","Rojo","","Simple, llamativo, curioso","Muy de acuerdo","Muy de acuerdo","Muy de acuerdo","Muy de acuerdo","Muy de acuerdo","Muy de acuerdo","Muy de acuerdo","Luz;Energía;Fuerza;Progreso tecnológico;Seriedad","2","Sí"
"2026/10/08 9:30:19 p. m. EEST","Acepto","25-34","Sí","tristeza","hambre","fanta","eco amigable","","santander","in fuego","rojo","","professional, banca, confianza","Algo de acuerdo","Algo de acuerdo","Algo de acuerdo","Ni de acuerdo ni en desacuerdo","Ni de acuerdo ni en desacuerdo","Algo de acuerdo","Ni de acuerdo ni en desacuerdo","Fuerza","2","No"
"2026/10/08 9:36:43 p. m. EEST","Acepto","18-24","Sí","Bcp","Scotiabank",".","Interbank","","Santander","Ornilla","Rojo","","Futbol- Barcelona- Banco","Ni de acuerdo ni en desacuerdo","Poco de acuerdo","Ni de acuerdo ni en desacuerdo","Algo de acuerdo","Ni de acuerdo ni en desacuerdo","Algo de acuerdo","Algo de acuerdo","Calor;Solidez;Energía;Fuerza;Liderazgo","2","No"
"2026/10/08 9:38:59 p. m. EEST","Acepto","50-64","No","Chase","Scotiabank","Santander","Capital One","","No lo sé ","Un cono de precaución para un trabajo de obra pública ","Naranja ","","Prudencia, trabajando, Atención ","Algo de acuerdo","Algo de acuerdo","Muy de acuerdo","Muy de acuerdo","Muy de acuerdo","Muy de acuerdo","Ni de acuerdo ni en desacuerdo","Solidez;Confianza;Seriedad","1","No"
"2026/10/08 9:41:42 p. m. EEST","Acepto","50-64","Sí","Banco del Pacifico","Santander","Banco Internacional","Banco de Loja","Santander","santander","fuego","rojo","","setentero","Algo de acuerdo","Ni de acuerdo ni en desacuerdo","Muy de acuerdo","Nada de acuerdo","Poco de acuerdo","Algo de acuerdo","Nada de acuerdo","Luz;Fuerza","4","No"
"2026/10/08 9:46:18 p. m. EEST","Acepto","25-34","No","Macro","Santander","Itau","Bancor","","Santander","antorcha","rojo","","Banco Marca Multinacional","Algo de acuerdo","Muy de acuerdo","Muy de acuerdo","Ni de acuerdo ni en desacuerdo","Algo de acuerdo","Ni de acuerdo ni en desacuerdo","Poco de acuerdo","Luz;Solidez;Confianza","2","Sí"
"2026/10/08 9:51:27 p. m. EEST","Acepto","18-24","Sí","Macro","Santander","Naranja x","Bancon","","Santander","No lo se","Rojo","","Formalidad, coherencia y sintesis","Muy de acuerdo","Algo de acuerdo","Muy de acuerdo","Muy de acuerdo","Muy de acuerdo","Muy de acuerdo","Algo de acuerdo","Solidez;Energía;Liderazgo;Confianza","2","No"
"2026/10/08 9:51:30 p. m. EEST","Acepto","50-64","Sí","Bbva","Santander","Ing","Cetelem","","Santander","Llama","Rojo","","Banco rojo global","Poco de acuerdo","Poco de acuerdo","Muy de acuerdo","Algo de acuerdo","Muy de acuerdo","Algo de acuerdo","Poco de acuerdo","Solidez;Energía","1","Sí"
"2026/10/08 9:51:32 p. m. EEST","Acepto","50-64","No","BBVA ","Santander ","ING ","Caja Madrid ","","Santander ","Una llama 🔥","Rojo ","","Banco, grande, fórmula 1 ","Muy de acuerdo","Muy de acuerdo","Muy de acuerdo","Muy de acuerdo","Muy de acuerdo","Muy de acuerdo","Muy de acuerdo","Energía;Liderazgo;Confianza","1","No"
"2026/10/08 9:51:34 p. m. EEST","Acepto","35-49","No","La caixa","Santander","Ing","Caja rural","","Santander","Llama","Rojo y blanco ","","Dinero, robo, rico","Muy de acuerdo","Muy de acuerdo","Muy de acuerdo","Muy de acuerdo","Muy de acuerdo","Muy de acuerdo","Muy de acuerdo","Fuerza","1","No"
"2026/10/08 9:53:18 p. m. EEST","Acepto","50-64","Sí","Chase","Banco Amazonas ","Ninguno ","Ninguno ","","Compañía de petróleo ","Llama de fuego 🔥 ","Rojo","","Energía, Creatividad y Acción ","Algo de acuerdo","Algo de acuerdo","Algo de acuerdo","Algo de acuerdo","Algo de acuerdo","Algo de acuerdo","Algo de acuerdo","Calor;Energía;Fuerza;Valentía;Liderazgo;Confianza","2","No"
"2026/10/08 9:59:16 p. m. EEST","Acepto","50-64","No","Sabadell ","Santander","Ing Direct ","Ibercaja","","Banco Santander ","Una llama","Rojo y blanco ","","Seriedad eficacia y voluntad ","Muy de acuerdo","Algo de acuerdo","Muy de acuerdo","Ni de acuerdo ni en desacuerdo","Algo de acuerdo","Algo de acuerdo","Algo de acuerdo","Calor;Energía;Fuerza;Valentía","2","No"
"2026/10/08 10:24:57 p. m. EEST","Acepto","18-24","Sí","BBVA","Santander","ING","Imagin","","Santander ","Una gota ","Rojo","","Cálido, adulto, adaptable","Algo de acuerdo","Algo de acuerdo","Muy de acuerdo","Algo de acuerdo","Algo de acuerdo","Muy de acuerdo","Algo de acuerdo","Calor;Humanidad;Solidez;Energía;Seriedad","2","No"
"2026/10/08 10:32:39 p. m. EEST","Acepto","18-24","Sí","BBVA","Santander","ING","Eurocaja Rural","Santander","Santander","Hoja","Rojo","","Moderno, juvenil, llamativo","Muy de acuerdo","Muy de acuerdo","Muy de acuerdo","Ni de acuerdo ni en desacuerdo","Muy de acuerdo","Muy de acuerdo","Muy de acuerdo","Solidez;Energía;Fuerza;Valentía;Liderazgo;Progreso tecnológico;Cercanía","3","Sí"
"2026/10/08 10:34:39 p. m. EEST","Acepto","65 o más","No","Pacifico","Santander","ING  Bank","Sparda Bank"," Banco Santander","Banco Santander","Un logo","Rojo","","Seriedad, confianza Servicios","Muy de acuerdo","Muy de acuerdo","Muy de acuerdo","Muy de acuerdo","Muy de acuerdo","Muy de acuerdo","Muy de acuerdo","Solidez;Energía;Fuerza;Liderazgo;Progreso tecnológico;Confianza;Seriedad","2","No"
"2026/10/08 10:36:17 p. m. EEST","Acepto","50-64","No","Caixa","Santander ","Ing","Caja rural","","Santander ","Una llama","Rojo","","Capital oportunidad abuso ","Muy de acuerdo","Poco de acuerdo","Poco de acuerdo","Nada de acuerdo","Ni de acuerdo ni en desacuerdo","Ni de acuerdo ni en desacuerdo","Poco de acuerdo","Fuerza;Liderazgo","2","Sí"
"2026/10/08 10:39:12 p. m. EEST","Acepto","25-34","No","Bbva","Santander","Ninguno","Ninguno","","Santander","Fuego","Rojo","","Banco, seriedad, tradición ","Algo de acuerdo","Ni de acuerdo ni en desacuerdo","Muy de acuerdo","Muy de acuerdo","Muy de acuerdo","Muy de acuerdo","Algo de acuerdo","Liderazgo;Confianza;Seriedad","3","No"
"2026/10/08 10:42:03 p. m. EEST","Acepto","18-24","Sí","BBVA","Santander","ING","Caja Rural","","Santander ","Un fuego","Rojo y fondo blanco","","Seguridad, familia, unidos","Algo de acuerdo","Ni de acuerdo ni en desacuerdo","Muy de acuerdo","Ni de acuerdo ni en desacuerdo","Algo de acuerdo","Algo de acuerdo","Muy de acuerdo","Calor;Fuerza;Valentía;Progreso tecnológico","2","No"
"2026/10/08 10:57:31 p. m. EEST","Acepto","50-64","No","Pacífico ","Ninguno","Ninguno","Profubanco","","Santander","Fuego","Rojo","Santander","Seguridad, confianza, fuerza","Ni de acuerdo ni en desacuerdo","Algo de acuerdo","Muy de acuerdo","Algo de acuerdo","Algo de acuerdo","Muy de acuerdo","Muy de acuerdo","Calor;Solidez;Energía;Fuerza;Liderazgo","1","Sí"
"2026/10/08 11:02:42 p. m. EEST","Acepto","25-34","No","Macro","Santander","NaranjaX","Banco Provincia ","","Santander","Fuego","Rojo ","","Seriedad confianza novedad ","Muy de acuerdo","Muy de acuerdo","Muy de acuerdo","Muy de acuerdo","Muy de acuerdo","Muy de acuerdo","Muy de acuerdo","Solidez;Energía;Fuerza;Liderazgo;Seriedad","2","Sí"
"2026/10/08 11:03:55 p. m. EEST","Acepto","25-34","No","Macro","Santander","Galicia","Astropay","Santander","Santander","ni idea ","rojo","","banco robo interes","Ni de acuerdo ni en desacuerdo","Muy de acuerdo","Muy de acuerdo","Nada de acuerdo","Muy de acuerdo","Ni de acuerdo ni en desacuerdo","Ni de acuerdo ni en desacuerdo","Calor","2","Sí"
"2026/10/08 11:04:27 p. m. EEST","Acepto","18-24","No","bbva","santander ","ing","ninguno ","","santander","no se","rojo","","dinero, felicidad , rojo","Muy de acuerdo","Nada de acuerdo","Muy de acuerdo","Poco de acuerdo","Ni de acuerdo ni en desacuerdo","Algo de acuerdo","Ni de acuerdo ni en desacuerdo","Calor;Liderazgo;Seriedad","1","No"
"2026/10/08 11:14:07 p. m. EEST","Acepto","25-34","Sí","Millennium","Santander","Bankintec","Bankia","Santander","Santander","Fuego","Rojo","","Confianza, seguridad","Algo de acuerdo","Ni de acuerdo ni en desacuerdo","Muy de acuerdo","Algo de acuerdo","Muy de acuerdo","Ni de acuerdo ni en desacuerdo","Algo de acuerdo","Calor;Solidez;Energía;Fuerza;Valentía;Seriedad","2","No"
"2026/10/08 11:20:12 p. m. EEST","Acepto","50-64","Sí","Pacifico","Guayaquil ","Internacional","Produbanco","","La Fabril","Una llama","Rojo y blanco","","Antiguo, conocido, aburrido","Poco de acuerdo","Ni de acuerdo ni en desacuerdo","Ni de acuerdo ni en desacuerdo","Ni de acuerdo ni en desacuerdo","Ni de acuerdo ni en desacuerdo","Ni de acuerdo ni en desacuerdo","Nada de acuerdo","Calor","4","No"
"2026/10/08 11:27:05 p. m. EEST","Acepto","18-24","Sí","BBVA","Santander ","ING","Caja Rural","Santander","Santander ","Llama","Rojo","","Fuerte, moderno, cálido ","Algo de acuerdo","Algo de acuerdo","Muy de acuerdo","Muy de acuerdo","Muy de acuerdo","Muy de acuerdo","Muy de acuerdo","Luz;Calor;Solidez;Energía;Fuerza;Confianza;Cercanía","2","Sí"
"2026/10/08 11:52:35 p. m. EEST","Acepto","35-49","No","Caixabank","Santander","Ing","Cajamar","","No lo se","Fuego","Rojo","","San","Ni de acuerdo ni en desacuerdo","Algo de acuerdo","Algo de acuerdo","Nada de acuerdo","Ni de acuerdo ni en desacuerdo","Ni de acuerdo ni en desacuerdo","Poco de acuerdo","Luz","1","No"
"2026/10/09 12:32:27 a. m. EEST","Acepto","50-64","Sí","Pacifico","Mutualista Pichincha","Pichincha ","Produbanco ","Santander ","Banco Santander ","Antorcha ","Rojo","","Seguridad","Poco de acuerdo","Muy de acuerdo","Muy de acuerdo","Algo de acuerdo","Algo de acuerdo","Algo de acuerdo","Algo de acuerdo","Luz;Solidez;Energía;Fuerza","1","No"
"2026/10/09 12:37:17 a. m. EEST","Acepto","35-49","No","Pacifico","Bolivariano","Internacional","Produbanco","Santander","Santander","llama","Rojo","ok","llama, fuego, importancia","Algo de acuerdo","Poco de acuerdo","Muy de acuerdo","Algo de acuerdo","Algo de acuerdo","Algo de acuerdo","Poco de acuerdo","Luz;Calor;Solidez;Energía;Fuerza","2","No"
"2026/10/09 12:57:08 a. m. EEST","Acepto","35-49","No","BBVA ","Santander","ING","Unicaja","","Santander","Fuego","Rojo","","Fuerza Confianza Solidez","Ni de acuerdo ni en desacuerdo","Poco de acuerdo","Muy de acuerdo","Muy de acuerdo","Muy de acuerdo","Algo de acuerdo","Algo de acuerdo","Luz;Calor;Solidez;Confianza","1","No"
"2026/10/09 1:30:50 a. m. EEST","Acepto","25-34","No","Caixabank","Santander","La Cam","El vasco este","","Santander ","Caramelo en llamas","Rojo","","Pastillote en llamas","Ni de acuerdo ni en desacuerdo","Nada de acuerdo","Muy de acuerdo","Algo de acuerdo","Muy de acuerdo","Muy de acuerdo","Poco de acuerdo","Calor;Fuerza;Liderazgo","1","No"
